-- phpMyAdmin SQL Dump
-- version 5.2.1
-- https://www.phpmyadmin.net/
--
-- 主機： 127.0.0.1
-- 產生時間： 2024-08-12 16:15:57
-- 伺服器版本： 10.4.28-MariaDB
-- PHP 版本： 8.2.4

SET SQL_MODE = "NO_AUTO_VALUE_ON_ZERO";
START TRANSACTION;
SET time_zone = "+00:00";


/*!40101 SET @OLD_CHARACTER_SET_CLIENT=@@CHARACTER_SET_CLIENT */;
/*!40101 SET @OLD_CHARACTER_SET_RESULTS=@@CHARACTER_SET_RESULTS */;
/*!40101 SET @OLD_COLLATION_CONNECTION=@@COLLATION_CONNECTION */;
/*!40101 SET NAMES utf8mb4 */;

--
-- 資料庫： `專題`
--

-- --------------------------------------------------------

--
-- 資料表結構 `code`
--

CREATE TABLE `code` (
  `code_id` int(11) NOT NULL,
  `member_id` int(11) NOT NULL,
  `strategy` text NOT NULL COMMENT '策略名稱',
  `public` tinyint(1) NOT NULL COMMENT '0不公開/1公開',
  `description` text NOT NULL COMMENT '策略描述',
  `tempt_code` longtext NOT NULL
) ENGINE=InnoDB DEFAULT CHARSET=utf8mb4 COLLATE=utf8mb4_general_ci;

--
-- 傾印資料表的資料 `code`
--

INSERT INTO `code` (`code_id`, `member_id`, `strategy`, `public`, `description`, `tempt_code`) VALUES
(1, 4, 'KDCross\r\n', 1, '', ''),
(3, 4, 'KDCross', 1, 'agasdasd', 'print(\"Hello\")'),
(10, 5, 'oldKD', 0, 'description', 'i dont know'),
(13, 5, 'newKD', 0, 'KDcorss', 'print(\"hello world\")');

-- --------------------------------------------------------

--
-- 資料表結構 `members`
--

CREATE TABLE `members` (
  `m_id` int(11) NOT NULL,
  `name` varchar(100) NOT NULL,
  `email` varchar(255) NOT NULL,
  `password` text NOT NULL,
  `userbot_api` text NOT NULL
) ENGINE=InnoDB DEFAULT CHARSET=utf8mb4 COLLATE=utf8mb4_general_ci;

--
-- 傾印資料表的資料 `members`
--

INSERT INTO `members` (`m_id`, `name`, `email`, `password`, `userbot_api`) VALUES
(3, '然', 'a0976096595@gmail.com', '', ''),
(4, 'peko', 'qwe', '1', ''),
(5, 'zan', 'zan123@gmail.com', 'a665a45920422f9d417e4867efdc4fb8a04a1f3fff1fa07e998e86f7f7a27ae3', '');

-- --------------------------------------------------------

--
-- 資料表結構 `target`
--

CREATE TABLE `target` (
  `t_id` int(11) NOT NULL,
  `member_id` int(11) NOT NULL,
  `target_id` text NOT NULL COMMENT '標的代號'
) ENGINE=InnoDB DEFAULT CHARSET=utf8mb4 COLLATE=utf8mb4_general_ci;

--
-- 傾印資料表的資料 `target`
--

INSERT INTO `target` (`t_id`, `member_id`, `target_id`) VALUES
(1, 5, '0050'),
(2, 5, '2330');

-- --------------------------------------------------------

--
-- 資料表結構 `test_body`
--

CREATE TABLE `test_body` (
  `tb_id` int(11) NOT NULL,
  `th_id` int(11) NOT NULL COMMENT 'test_head',
  `enter_date` int(11) NOT NULL COMMENT '進場日期',
  `exit_date` int(11) NOT NULL COMMENT '出場日期',
  `enter_price` int(11) NOT NULL COMMENT '進場價格',
  `exit_price` int(11) NOT NULL COMMENT '出場價格',
  `size` tinyint(1) NOT NULL COMMENT '張數',
  `profit` int(11) NOT NULL COMMENT '獲利',
  `profit_margin` float NOT NULL COMMENT '獲利率'
) ENGINE=InnoDB DEFAULT CHARSET=utf8mb4 COLLATE=utf8mb4_general_ci;

--
-- 傾印資料表的資料 `test_body`
--

INSERT INTO `test_body` (`tb_id`, `th_id`, `enter_date`, `exit_date`, `enter_price`, `exit_price`, `size`, `profit`, `profit_margin`) VALUES
(1, 1, 2014, 2014, 26, 24, 127, -716, -0.0716694),
(2, 1, 2015, 2015, 24, 22, 127, -749, -0.0807857),
(3, 1, 2016, 2016, 21, 22, 127, 522, 0.0611264),
(4, 1, 2018, 2018, 26, 27, 127, 426, 0.047226),
(5, 1, 2018, 2019, 24, 24, 127, 102, 0.0108095),
(6, 1, 2019, 2019, 25, 27, 127, 406, 0.0424209),
(7, 1, 2020, 2020, 23, 26, 127, 1653, 0.165584),
(8, 1, 2022, 2022, 31, 28, 127, -902, -0.0774699),
(9, 1, 2022, 2022, 27, 25, 127, -481, -0.0448159),
(10, 1, 2023, 2023, 33, 35, 127, 443, 0.0433133),
(11, 2, 2014, 2014, 26, 24, 127, -716, -0.0716694),
(12, 2, 2015, 2015, 24, 22, 127, -749, -0.0807857),
(13, 2, 2016, 2016, 21, 22, 127, 522, 0.0611264),
(14, 2, 2018, 2018, 26, 27, 127, 426, 0.047226),
(15, 2, 2018, 2019, 24, 24, 127, 102, 0.0108095),
(16, 2, 2019, 2019, 25, 27, 127, 406, 0.0424209),
(17, 2, 2020, 2020, 23, 26, 127, 1653, 0.165584),
(18, 2, 2022, 2022, 31, 28, 127, -902, -0.0774699),
(19, 2, 2022, 2022, 27, 25, 127, -481, -0.0448159),
(20, 2, 2023, 2023, 33, 35, 127, 443, 0.0433133),
(21, 3, 2014, 2014, 26, 24, 127, -716, -0.0716694),
(22, 3, 2015, 2015, 24, 22, 127, -749, -0.0807857),
(23, 3, 2016, 2016, 21, 22, 127, 522, 0.0611264),
(24, 3, 2018, 2018, 26, 27, 127, 426, 0.047226),
(25, 3, 2018, 2019, 24, 24, 127, 102, 0.0108095),
(26, 3, 2019, 2019, 25, 27, 127, 406, 0.0424209),
(27, 3, 2020, 2020, 23, 26, 127, 1653, 0.165584),
(28, 3, 2022, 2022, 31, 28, 127, -902, -0.0774699),
(29, 3, 2022, 2022, 27, 25, 127, -481, -0.0448159),
(30, 3, 2023, 2023, 33, 35, 127, 443, 0.0433133),
(31, 4, 2014, 2014, 26, 24, 127, -716, -0.0716694),
(32, 4, 2015, 2015, 24, 22, 127, -749, -0.0807857),
(33, 4, 2016, 2016, 21, 22, 127, 522, 0.0611264),
(34, 4, 2018, 2018, 26, 27, 127, 426, 0.047226),
(35, 4, 2018, 2019, 24, 24, 127, 102, 0.0108095),
(36, 4, 2019, 2019, 25, 27, 127, 406, 0.0424209),
(37, 4, 2020, 2020, 23, 26, 127, 1653, 0.165584),
(38, 4, 2022, 2022, 31, 28, 127, -902, -0.0774699),
(39, 4, 2022, 2022, 27, 25, 127, -481, -0.0448159),
(40, 4, 2023, 2023, 33, 35, 127, 443, 0.0433133),
(41, 5, 2014, 2014, 26, 24, 127, -716, -0.0716694),
(42, 5, 2015, 2015, 24, 22, 127, -749, -0.0807857),
(43, 5, 2016, 2016, 21, 22, 127, 522, 0.0611264),
(44, 5, 2018, 2018, 26, 27, 127, 426, 0.047226),
(45, 5, 2018, 2019, 24, 24, 127, 102, 0.0108095),
(46, 5, 2019, 2019, 25, 27, 127, 406, 0.0424209),
(47, 5, 2020, 2020, 23, 26, 127, 1653, 0.165584),
(48, 5, 2022, 2022, 31, 28, 127, -902, -0.0774699),
(49, 5, 2022, 2022, 27, 25, 127, -481, -0.0448159),
(50, 5, 2023, 2023, 33, 35, 127, 443, 0.0433133),
(51, 6, 2014, 2014, 26, 24, 127, -716, -0.0716694),
(52, 6, 2015, 2015, 24, 22, 127, -749, -0.0807857),
(53, 6, 2016, 2016, 21, 22, 127, 522, 0.0611264),
(54, 6, 2018, 2018, 26, 27, 127, 426, 0.047226),
(55, 6, 2018, 2019, 24, 24, 127, 102, 0.0108095),
(56, 6, 2019, 2019, 25, 27, 127, 406, 0.0424209),
(57, 6, 2020, 2020, 23, 26, 127, 1653, 0.165584),
(58, 6, 2022, 2022, 31, 28, 127, -902, -0.0774699),
(59, 6, 2022, 2022, 27, 25, 127, -481, -0.0448159),
(60, 6, 2023, 2023, 33, 35, 127, 443, 0.0433133),
(61, 7, 2014, 2014, 26, 24, 127, -716, -0.0716694),
(62, 7, 2015, 2015, 24, 22, 127, -749, -0.0807857),
(63, 7, 2016, 2016, 21, 22, 127, 522, 0.0611264),
(64, 7, 2018, 2018, 26, 27, 127, 426, 0.047226),
(65, 7, 2018, 2019, 24, 24, 127, 102, 0.0108095),
(66, 7, 2019, 2019, 25, 27, 127, 406, 0.0424209),
(67, 7, 2020, 2020, 23, 26, 127, 1653, 0.165584),
(68, 7, 2022, 2022, 31, 28, 127, -902, -0.0774699),
(69, 7, 2022, 2022, 27, 25, 127, -481, -0.0448159),
(70, 7, 2023, 2023, 33, 35, 127, 443, 0.0433133),
(71, 8, 2014, 2014, 26, 24, 127, -716, -0.0716694),
(72, 8, 2015, 2015, 24, 22, 127, -749, -0.0807857),
(73, 8, 2016, 2016, 21, 22, 127, 522, 0.0611264),
(74, 8, 2018, 2018, 26, 27, 127, 426, 0.047226),
(75, 8, 2018, 2019, 24, 24, 127, 102, 0.0108095),
(76, 8, 2019, 2019, 25, 27, 127, 406, 0.0424209),
(77, 8, 2020, 2020, 23, 26, 127, 1653, 0.165584),
(78, 8, 2022, 2022, 31, 28, 127, -902, -0.0774699),
(79, 8, 2022, 2022, 27, 25, 127, -481, -0.0448159),
(80, 8, 2023, 2023, 33, 35, 127, 443, 0.0433133),
(81, 9, 2014, 2014, 26, 24, 127, -716, -0.0716694),
(82, 9, 2015, 2015, 24, 22, 127, -749, -0.0807857),
(83, 9, 2016, 2016, 21, 22, 127, 522, 0.0611264),
(84, 9, 2018, 2018, 26, 27, 127, 426, 0.047226),
(85, 9, 2018, 2019, 24, 24, 127, 102, 0.0108095),
(86, 9, 2019, 2019, 25, 27, 127, 406, 0.0424209),
(87, 9, 2020, 2020, 23, 26, 127, 1653, 0.165584),
(88, 9, 2022, 2022, 31, 28, 127, -902, -0.0774699),
(89, 9, 2022, 2022, 27, 25, 127, -481, -0.0448159),
(90, 9, 2023, 2023, 33, 35, 127, 443, 0.0433133),
(91, 10, 2014, 2014, 26, 24, 127, -716, -0.0716694),
(92, 10, 2015, 2015, 24, 22, 127, -749, -0.0807857),
(93, 10, 2016, 2016, 21, 22, 127, 522, 0.0611264),
(94, 10, 2018, 2018, 26, 27, 127, 426, 0.047226),
(95, 10, 2018, 2019, 24, 24, 127, 102, 0.0108095),
(96, 10, 2019, 2019, 25, 27, 127, 406, 0.0424209),
(97, 10, 2020, 2020, 23, 26, 127, 1653, 0.165584),
(98, 10, 2022, 2022, 31, 28, 127, -902, -0.0774699),
(99, 10, 2022, 2022, 27, 25, 127, -481, -0.0448159),
(100, 10, 2023, 2023, 33, 35, 127, 443, 0.0433133),
(101, 11, 2014, 2014, 26, 24, 127, -716, -0.0716694),
(102, 11, 2015, 2015, 24, 22, 127, -749, -0.0807857),
(103, 11, 2016, 2016, 21, 22, 127, 522, 0.0611264),
(104, 11, 2018, 2018, 26, 27, 127, 426, 0.047226),
(105, 11, 2018, 2019, 24, 24, 127, 102, 0.0108095),
(106, 11, 2019, 2019, 25, 27, 127, 406, 0.0424209),
(107, 11, 2020, 2020, 23, 26, 127, 1653, 0.165584),
(108, 11, 2022, 2022, 31, 28, 127, -902, -0.0774699),
(109, 11, 2022, 2022, 27, 25, 127, -481, -0.0448159),
(110, 11, 2023, 2023, 33, 35, 127, 443, 0.0433133),
(111, 12, 2014, 2014, 26, 24, 127, -716, -0.0716694),
(112, 12, 2015, 2015, 24, 22, 127, -749, -0.0807857),
(113, 12, 2016, 2016, 21, 22, 127, 522, 0.0611264),
(114, 12, 2018, 2018, 26, 27, 127, 426, 0.047226),
(115, 12, 2018, 2019, 24, 24, 127, 102, 0.0108095),
(116, 12, 2019, 2019, 25, 27, 127, 406, 0.0424209),
(117, 12, 2020, 2020, 23, 26, 127, 1653, 0.165584),
(118, 12, 2022, 2022, 31, 28, 127, -902, -0.0774699),
(119, 12, 2022, 2022, 27, 25, 127, -481, -0.0448159),
(120, 12, 2023, 2023, 33, 35, 127, 443, 0.0433133),
(121, 13, 2014, 2014, 26, 24, 127, -716, -0.0716694),
(122, 13, 2015, 2015, 24, 22, 127, -749, -0.0807857),
(123, 13, 2016, 2016, 21, 22, 127, 522, 0.0611264),
(124, 13, 2018, 2018, 26, 27, 127, 426, 0.047226),
(125, 13, 2018, 2019, 24, 24, 127, 102, 0.0108095),
(126, 13, 2019, 2019, 25, 27, 127, 406, 0.0424209),
(127, 13, 2020, 2020, 23, 26, 127, 1653, 0.165584),
(128, 13, 2022, 2022, 31, 28, 127, -902, -0.0774699),
(129, 13, 2022, 2022, 27, 25, 127, -481, -0.0448159),
(130, 13, 2023, 2023, 33, 35, 127, 443, 0.0433133),
(131, 14, 2014, 2014, 26, 24, 127, -716, -0.0716694),
(132, 14, 2015, 2015, 24, 22, 127, -749, -0.0807857),
(133, 14, 2016, 2016, 21, 22, 127, 522, 0.0611264),
(134, 14, 2018, 2018, 26, 27, 127, 426, 0.047226),
(135, 14, 2018, 2019, 24, 24, 127, 102, 0.0108095),
(136, 14, 2019, 2019, 25, 27, 127, 406, 0.0424209),
(137, 14, 2020, 2020, 23, 26, 127, 1653, 0.165584),
(138, 14, 2022, 2022, 31, 28, 127, -902, -0.0774699),
(139, 14, 2022, 2022, 27, 25, 127, -481, -0.0448159),
(140, 14, 2023, 2023, 33, 35, 127, 443, 0.0433133),
(141, 15, 2014, 2014, 26, 24, 127, -716, -0.0716694),
(142, 15, 2015, 2015, 24, 22, 127, -749, -0.0807857),
(143, 15, 2016, 2016, 21, 22, 127, 522, 0.0611264),
(144, 15, 2018, 2018, 26, 27, 127, 426, 0.047226),
(145, 15, 2018, 2019, 24, 24, 127, 102, 0.0108095),
(146, 15, 2019, 2019, 25, 27, 127, 406, 0.0424209),
(147, 15, 2020, 2020, 23, 26, 127, 1653, 0.165584),
(148, 15, 2022, 2022, 31, 28, 127, -902, -0.0774699),
(149, 15, 2022, 2022, 27, 25, 127, -481, -0.0448159),
(150, 15, 2023, 2023, 33, 35, 127, 443, 0.0433133),
(151, 16, 2014, 2014, 26, 24, 127, -716, -0.0716694),
(152, 16, 2015, 2015, 24, 22, 127, -749, -0.0807857),
(153, 16, 2016, 2016, 21, 22, 127, 522, 0.0611264),
(154, 16, 2018, 2018, 26, 27, 127, 426, 0.047226),
(155, 16, 2018, 2019, 24, 24, 127, 102, 0.0108095),
(156, 16, 2019, 2019, 25, 27, 127, 406, 0.0424209),
(157, 16, 2020, 2020, 23, 26, 127, 1653, 0.165584),
(158, 16, 2022, 2022, 31, 28, 127, -902, -0.0774699),
(159, 16, 2022, 2022, 27, 25, 127, -481, -0.0448159),
(160, 16, 2023, 2023, 33, 35, 127, 443, 0.0433133),
(161, 17, 2014, 2014, 26, 24, 127, -716, -0.0716694),
(162, 17, 2015, 2015, 24, 22, 127, -749, -0.0807857),
(163, 17, 2016, 2016, 21, 22, 127, 522, 0.0611264),
(164, 17, 2018, 2018, 26, 27, 127, 426, 0.047226),
(165, 17, 2018, 2019, 24, 24, 127, 102, 0.0108095),
(166, 17, 2019, 2019, 25, 27, 127, 406, 0.0424209),
(167, 17, 2020, 2020, 23, 26, 127, 1653, 0.165584),
(168, 17, 2022, 2022, 31, 28, 127, -902, -0.0774699),
(169, 17, 2022, 2022, 27, 25, 127, -481, -0.0448159),
(170, 17, 2023, 2023, 33, 35, 127, 443, 0.0433133),
(171, 18, 2014, 2014, 26, 24, 127, -716, -0.0716694),
(172, 18, 2015, 2015, 24, 22, 127, -749, -0.0807857),
(173, 18, 2016, 2016, 21, 22, 127, 522, 0.0611264),
(174, 18, 2018, 2018, 26, 27, 127, 426, 0.047226),
(175, 18, 2018, 2019, 24, 24, 127, 102, 0.0108095),
(176, 18, 2019, 2019, 25, 27, 127, 406, 0.0424209),
(177, 18, 2020, 2020, 23, 26, 127, 1653, 0.165584),
(178, 18, 2022, 2022, 31, 28, 127, -902, -0.0774699),
(179, 18, 2022, 2022, 27, 25, 127, -481, -0.0448159),
(180, 18, 2023, 2023, 33, 35, 127, 443, 0.0433133),
(181, 19, 2014, 2014, 26, 24, 127, -716, -0.0716694),
(182, 19, 2015, 2015, 24, 22, 127, -749, -0.0807857),
(183, 19, 2016, 2016, 21, 22, 127, 522, 0.0611264),
(184, 19, 2018, 2018, 26, 27, 127, 426, 0.047226),
(185, 19, 2018, 2019, 24, 24, 127, 102, 0.0108095),
(186, 19, 2019, 2019, 25, 27, 127, 406, 0.0424209),
(187, 19, 2020, 2020, 23, 26, 127, 1653, 0.165584),
(188, 19, 2022, 2022, 31, 28, 127, -902, -0.0774699),
(189, 19, 2022, 2022, 27, 25, 127, -481, -0.0448159),
(190, 19, 2023, 2023, 33, 35, 127, 443, 0.0433133),
(191, 20, 2014, 2014, 26, 24, 127, -716, -0.0716694),
(192, 20, 2015, 2015, 24, 22, 127, -749, -0.0807857),
(193, 20, 2016, 2016, 21, 22, 127, 522, 0.0611264),
(194, 20, 2018, 2018, 26, 27, 127, 426, 0.047226),
(195, 20, 2018, 2019, 24, 24, 127, 102, 0.0108095),
(196, 20, 2019, 2019, 25, 27, 127, 406, 0.0424209),
(197, 20, 2020, 2020, 23, 26, 127, 1653, 0.165584),
(198, 20, 2022, 2022, 31, 28, 127, -902, -0.0774699),
(199, 20, 2022, 2022, 27, 25, 127, -481, -0.0448159),
(200, 20, 2023, 2023, 33, 35, 127, 443, 0.0433133),
(201, 21, 2014, 2014, 26, 24, 127, -716, -0.0716694),
(202, 21, 2015, 2015, 24, 22, 127, -749, -0.0807857),
(203, 21, 2016, 2016, 21, 22, 127, 522, 0.0611264),
(204, 21, 2018, 2018, 26, 27, 127, 426, 0.047226),
(205, 21, 2018, 2019, 24, 24, 127, 102, 0.0108095),
(206, 21, 2019, 2019, 25, 27, 127, 406, 0.0424209),
(207, 21, 2020, 2020, 23, 26, 127, 1653, 0.165584),
(208, 21, 2022, 2022, 31, 28, 127, -902, -0.0774699),
(209, 21, 2022, 2022, 27, 25, 127, -481, -0.0448159),
(210, 21, 2023, 2023, 33, 35, 127, 443, 0.0433133),
(211, 22, 2014, 2014, 26, 24, 127, -716, -0.0716694),
(212, 22, 2015, 2015, 24, 22, 127, -749, -0.0807857),
(213, 22, 2016, 2016, 21, 22, 127, 522, 0.0611264),
(214, 22, 2018, 2018, 26, 27, 127, 426, 0.047226),
(215, 22, 2018, 2019, 24, 24, 127, 102, 0.0108095),
(216, 22, 2019, 2019, 25, 27, 127, 406, 0.0424209),
(217, 22, 2020, 2020, 23, 26, 127, 1653, 0.165584),
(218, 22, 2022, 2022, 31, 28, 127, -902, -0.0774699),
(219, 22, 2022, 2022, 27, 25, 127, -481, -0.0448159),
(220, 22, 2023, 2023, 33, 35, 127, 443, 0.0433133),
(221, 23, 2014, 2014, 26, 24, 127, -716, -0.0716694),
(222, 23, 2015, 2015, 24, 22, 127, -749, -0.0807857),
(223, 23, 2016, 2016, 21, 22, 127, 522, 0.0611264),
(224, 23, 2018, 2018, 26, 27, 127, 426, 0.047226),
(225, 23, 2018, 2019, 24, 24, 127, 102, 0.0108095),
(226, 23, 2019, 2019, 25, 27, 127, 406, 0.0424209),
(227, 23, 2020, 2020, 23, 26, 127, 1653, 0.165584),
(228, 23, 2022, 2022, 31, 28, 127, -902, -0.0774699),
(229, 23, 2022, 2022, 27, 25, 127, -481, -0.0448159),
(230, 23, 2023, 2023, 33, 35, 127, 443, 0.0433133),
(231, 24, 2014, 2014, 26, 24, 127, -716, -0.0716694),
(232, 24, 2015, 2015, 24, 22, 127, -749, -0.0807857),
(233, 24, 2016, 2016, 21, 22, 127, 522, 0.0611264),
(234, 24, 2018, 2018, 26, 27, 127, 426, 0.047226),
(235, 24, 2018, 2019, 24, 24, 127, 102, 0.0108095),
(236, 24, 2019, 2019, 25, 27, 127, 406, 0.0424209),
(237, 24, 2020, 2020, 23, 26, 127, 1653, 0.165584),
(238, 24, 2022, 2022, 31, 28, 127, -902, -0.0774699),
(239, 24, 2022, 2022, 27, 25, 127, -481, -0.0448159),
(240, 24, 2023, 2023, 33, 35, 127, 443, 0.0433133),
(241, 25, 2014, 2014, 26, 24, 127, -716, -0.0716694),
(242, 25, 2015, 2015, 24, 22, 127, -749, -0.0807857),
(243, 25, 2016, 2016, 21, 22, 127, 522, 0.0611264),
(244, 25, 2018, 2018, 26, 27, 127, 426, 0.047226),
(245, 25, 2018, 2019, 24, 24, 127, 102, 0.0108095),
(246, 25, 2019, 2019, 25, 27, 127, 406, 0.0424209),
(247, 25, 2020, 2020, 23, 26, 127, 1653, 0.165584),
(248, 25, 2022, 2022, 31, 28, 127, -902, -0.0774699),
(249, 25, 2022, 2022, 27, 25, 127, -481, -0.0448159),
(250, 25, 2023, 2023, 33, 35, 127, 443, 0.0433133),
(251, 26, 2014, 2014, 26, 24, 127, -716, -0.0716694),
(252, 26, 2015, 2015, 24, 22, 127, -749, -0.0807857),
(253, 26, 2016, 2016, 21, 22, 127, 522, 0.0611264),
(254, 26, 2018, 2018, 26, 27, 127, 426, 0.047226),
(255, 26, 2018, 2019, 24, 24, 127, 102, 0.0108095),
(256, 26, 2019, 2019, 25, 27, 127, 406, 0.0424209),
(257, 26, 2020, 2020, 23, 26, 127, 1653, 0.165584),
(258, 26, 2022, 2022, 31, 28, 127, -902, -0.0774699),
(259, 26, 2022, 2022, 27, 25, 127, -481, -0.0448159),
(260, 26, 2023, 2023, 33, 35, 127, 443, 0.0433133),
(261, 27, 2014, 2014, 26, 24, 127, -716, -0.0716694),
(262, 27, 2015, 2015, 24, 22, 127, -749, -0.0807857),
(263, 27, 2016, 2016, 21, 22, 127, 522, 0.0611264),
(264, 27, 2018, 2018, 26, 27, 127, 426, 0.047226),
(265, 27, 2018, 2019, 24, 24, 127, 102, 0.0108095),
(266, 27, 2019, 2019, 25, 27, 127, 406, 0.0424209),
(267, 27, 2020, 2020, 23, 26, 127, 1653, 0.165584),
(268, 27, 2022, 2022, 31, 28, 127, -902, -0.0774699),
(269, 27, 2022, 2022, 27, 25, 127, -481, -0.0448159),
(270, 27, 2023, 2023, 33, 35, 127, 443, 0.0433133),
(271, 28, 2014, 2014, 26, 24, 127, -716, -0.0716694),
(272, 28, 2015, 2015, 24, 22, 127, -749, -0.0807857),
(273, 28, 2016, 2016, 21, 22, 127, 522, 0.0611264),
(274, 28, 2018, 2018, 26, 27, 127, 426, 0.047226),
(275, 28, 2018, 2019, 24, 24, 127, 102, 0.0108095),
(276, 28, 2019, 2019, 25, 27, 127, 406, 0.0424209),
(277, 28, 2020, 2020, 23, 26, 127, 1653, 0.165584),
(278, 28, 2022, 2022, 31, 28, 127, -902, -0.0774699),
(279, 28, 2022, 2022, 27, 25, 127, -481, -0.0448159),
(280, 28, 2023, 2023, 33, 35, 127, 443, 0.0433133),
(281, 29, 2014, 2014, 26, 24, 127, -716, -0.0716694),
(282, 29, 2015, 2015, 24, 22, 127, -749, -0.0807857),
(283, 29, 2016, 2016, 21, 22, 127, 522, 0.0611264),
(284, 29, 2018, 2018, 26, 27, 127, 426, 0.047226),
(285, 29, 2018, 2019, 24, 24, 127, 102, 0.0108095),
(286, 29, 2019, 2019, 25, 27, 127, 406, 0.0424209),
(287, 29, 2020, 2020, 23, 26, 127, 1653, 0.165584),
(288, 29, 2022, 2022, 31, 28, 127, -902, -0.0774699),
(289, 29, 2022, 2022, 27, 25, 127, -481, -0.0448159),
(290, 29, 2023, 2023, 33, 35, 127, 443, 0.0433133),
(291, 30, 2014, 2014, 26, 24, 127, -716, -0.0716694),
(292, 30, 2015, 2015, 24, 22, 127, -749, -0.0807857),
(293, 30, 2016, 2016, 21, 22, 127, 522, 0.0611264),
(294, 30, 2018, 2018, 26, 27, 127, 426, 0.047226),
(295, 30, 2018, 2019, 24, 24, 127, 102, 0.0108095),
(296, 30, 2019, 2019, 25, 27, 127, 406, 0.0424209),
(297, 30, 2020, 2020, 23, 26, 127, 1653, 0.165584),
(298, 30, 2022, 2022, 31, 28, 127, -902, -0.0774699),
(299, 30, 2022, 2022, 27, 25, 127, -481, -0.0448159),
(300, 30, 2023, 2023, 33, 35, 127, 443, 0.0433133),
(301, 31, 2014, 2014, 26, 24, 127, -716, -0.0716694),
(302, 31, 2015, 2015, 24, 22, 127, -749, -0.0807857),
(303, 31, 2016, 2016, 21, 22, 127, 522, 0.0611264),
(304, 31, 2018, 2018, 26, 27, 127, 426, 0.047226),
(305, 31, 2018, 2019, 24, 24, 127, 102, 0.0108095),
(306, 31, 2019, 2019, 25, 27, 127, 406, 0.0424209),
(307, 31, 2020, 2020, 23, 26, 127, 1653, 0.165584),
(308, 31, 2022, 2022, 31, 28, 127, -902, -0.0774699),
(309, 31, 2022, 2022, 27, 25, 127, -481, -0.0448159),
(310, 31, 2023, 2023, 33, 35, 127, 443, 0.0433133),
(311, 32, 2014, 2014, 26, 24, 127, -716, -0.0716694),
(312, 32, 2015, 2015, 24, 22, 127, -749, -0.0807857),
(313, 32, 2016, 2016, 21, 22, 127, 522, 0.0611264),
(314, 32, 2018, 2018, 26, 27, 127, 426, 0.047226),
(315, 32, 2018, 2019, 24, 24, 127, 102, 0.0108095),
(316, 32, 2019, 2019, 25, 27, 127, 406, 0.0424209),
(317, 32, 2020, 2020, 23, 26, 127, 1653, 0.165584),
(318, 32, 2022, 2022, 31, 28, 127, -902, -0.0774699),
(319, 32, 2022, 2022, 27, 25, 127, -481, -0.0448159),
(320, 32, 2023, 2023, 33, 35, 127, 443, 0.0433133),
(321, 33, 2014, 2014, 26, 24, 127, -716, -0.0716694),
(322, 33, 2015, 2015, 24, 22, 127, -749, -0.0807857),
(323, 33, 2016, 2016, 21, 22, 127, 522, 0.0611264),
(324, 33, 2018, 2018, 26, 27, 127, 426, 0.047226),
(325, 33, 2018, 2019, 24, 24, 127, 102, 0.0108095),
(326, 33, 2019, 2019, 25, 27, 127, 406, 0.0424209),
(327, 33, 2020, 2020, 23, 26, 127, 1653, 0.165584),
(328, 33, 2022, 2022, 31, 28, 127, -902, -0.0774699),
(329, 33, 2022, 2022, 27, 25, 127, -481, -0.0448159),
(330, 33, 2023, 2023, 33, 35, 127, 443, 0.0433133),
(331, 34, 2014, 2014, 26, 24, 127, -716, -0.0716694),
(332, 34, 2015, 2015, 24, 22, 127, -749, -0.0807857),
(333, 34, 2016, 2016, 21, 22, 127, 522, 0.0611264),
(334, 34, 2018, 2018, 26, 27, 127, 426, 0.047226),
(335, 34, 2018, 2019, 24, 24, 127, 102, 0.0108095),
(336, 34, 2019, 2019, 25, 27, 127, 406, 0.0424209),
(337, 34, 2020, 2020, 23, 26, 127, 1653, 0.165584),
(338, 34, 2022, 2022, 31, 28, 127, -902, -0.0774699),
(339, 34, 2022, 2022, 27, 25, 127, -481, -0.0448159),
(340, 34, 2023, 2023, 33, 35, 127, 443, 0.0433133),
(341, 35, 2014, 2014, 26, 24, 127, -716, -0.0716694),
(342, 35, 2015, 2015, 24, 22, 127, -749, -0.0807857),
(343, 35, 2016, 2016, 21, 22, 127, 522, 0.0611264),
(344, 35, 2018, 2018, 26, 27, 127, 426, 0.047226),
(345, 35, 2018, 2019, 24, 24, 127, 102, 0.0108095),
(346, 35, 2019, 2019, 25, 27, 127, 406, 0.0424209),
(347, 35, 2020, 2020, 23, 26, 127, 1653, 0.165584),
(348, 35, 2022, 2022, 31, 28, 127, -902, -0.0774699),
(349, 35, 2022, 2022, 27, 25, 127, -481, -0.0448159),
(350, 35, 2023, 2023, 33, 35, 127, 443, 0.0433133),
(351, 36, 2014, 2014, 26, 24, 127, -716, -0.0716694),
(352, 36, 2015, 2015, 24, 22, 127, -749, -0.0807857),
(353, 36, 2016, 2016, 21, 22, 127, 522, 0.0611264),
(354, 36, 2018, 2018, 26, 27, 127, 426, 0.047226),
(355, 36, 2018, 2019, 24, 24, 127, 102, 0.0108095),
(356, 36, 2019, 2019, 25, 27, 127, 406, 0.0424209),
(357, 36, 2020, 2020, 23, 26, 127, 1653, 0.165584),
(358, 36, 2022, 2022, 31, 28, 127, -902, -0.0774699),
(359, 36, 2022, 2022, 27, 25, 127, -481, -0.0448159),
(360, 36, 2023, 2023, 33, 35, 127, 443, 0.0433133),
(361, 37, 2014, 2014, 26, 24, 127, -716, -0.0716694),
(362, 37, 2015, 2015, 24, 22, 127, -749, -0.0807857),
(363, 37, 2016, 2016, 21, 22, 127, 522, 0.0611264),
(364, 37, 2018, 2018, 26, 27, 127, 426, 0.047226),
(365, 37, 2018, 2019, 24, 24, 127, 102, 0.0108095),
(366, 37, 2019, 2019, 25, 27, 127, 406, 0.0424209),
(367, 37, 2020, 2020, 23, 26, 127, 1653, 0.165584),
(368, 37, 2022, 2022, 31, 28, 127, -902, -0.0774699),
(369, 37, 2022, 2022, 27, 25, 127, -481, -0.0448159),
(370, 37, 2023, 2023, 33, 35, 127, 443, 0.0433133),
(371, 38, 2014, 2014, 26, 24, 127, -716, -0.0716694),
(372, 38, 2015, 2015, 24, 22, 127, -749, -0.0807857),
(373, 38, 2016, 2016, 21, 22, 127, 522, 0.0611264),
(374, 38, 2018, 2018, 26, 27, 127, 426, 0.047226),
(375, 38, 2018, 2019, 24, 24, 127, 102, 0.0108095),
(376, 38, 2019, 2019, 25, 27, 127, 406, 0.0424209),
(377, 38, 2020, 2020, 23, 26, 127, 1653, 0.165584),
(378, 38, 2022, 2022, 31, 28, 127, -902, -0.0774699),
(379, 38, 2022, 2022, 27, 25, 127, -481, -0.0448159),
(380, 38, 2023, 2023, 33, 35, 127, 443, 0.0433133),
(381, 39, 2014, 2014, 26, 24, 127, -716, -0.0716694),
(382, 39, 2015, 2015, 24, 22, 127, -749, -0.0807857),
(383, 39, 2016, 2016, 21, 22, 127, 522, 0.0611264),
(384, 39, 2018, 2018, 26, 27, 127, 426, 0.047226),
(385, 39, 2018, 2019, 24, 24, 127, 102, 0.0108095),
(386, 39, 2019, 2019, 25, 27, 127, 406, 0.0424209),
(387, 39, 2020, 2020, 23, 26, 127, 1653, 0.165584),
(388, 39, 2022, 2022, 31, 28, 127, -902, -0.0774699),
(389, 39, 2022, 2022, 27, 25, 127, -481, -0.0448159),
(390, 39, 2023, 2023, 33, 35, 127, 443, 0.0433133),
(391, 40, 2014, 2014, 26, 24, 127, -716, -0.0716694),
(392, 40, 2015, 2015, 24, 22, 127, -749, -0.0807857),
(393, 40, 2016, 2016, 21, 22, 127, 522, 0.0611264),
(394, 40, 2018, 2018, 26, 27, 127, 426, 0.047226),
(395, 40, 2018, 2019, 24, 24, 127, 102, 0.0108095),
(396, 40, 2019, 2019, 25, 27, 127, 406, 0.0424209),
(397, 40, 2020, 2020, 23, 26, 127, 1653, 0.165584),
(398, 40, 2022, 2022, 31, 28, 127, -902, -0.0774699),
(399, 40, 2022, 2022, 27, 25, 127, -481, -0.0448159),
(400, 40, 2023, 2023, 33, 35, 127, 443, 0.0433133),
(401, 41, 2014, 2014, 26, 24, 127, -716, -0.0716694),
(402, 41, 2015, 2015, 24, 22, 127, -749, -0.0807857),
(403, 41, 2016, 2016, 21, 22, 127, 522, 0.0611264),
(404, 41, 2018, 2018, 26, 27, 127, 426, 0.047226),
(405, 41, 2018, 2019, 24, 24, 127, 102, 0.0108095),
(406, 41, 2019, 2019, 25, 27, 127, 406, 0.0424209),
(407, 41, 2020, 2020, 23, 26, 127, 1653, 0.165584),
(408, 41, 2022, 2022, 31, 28, 127, -902, -0.0774699),
(409, 41, 2022, 2022, 27, 25, 127, -481, -0.0448159),
(410, 41, 2023, 2023, 33, 35, 127, 443, 0.0433133),
(411, 42, 2014, 2014, 26, 24, 127, -716, -0.0716694),
(412, 42, 2015, 2015, 24, 22, 127, -749, -0.0807857),
(413, 42, 2016, 2016, 21, 22, 127, 522, 0.0611264),
(414, 42, 2018, 2018, 26, 27, 127, 426, 0.047226),
(415, 42, 2018, 2019, 24, 24, 127, 102, 0.0108095),
(416, 42, 2019, 2019, 25, 27, 127, 406, 0.0424209),
(417, 42, 2020, 2020, 23, 26, 127, 1653, 0.165584),
(418, 42, 2022, 2022, 31, 28, 127, -902, -0.0774699),
(419, 42, 2022, 2022, 27, 25, 127, -481, -0.0448159),
(420, 42, 2023, 2023, 33, 35, 127, 443, 0.0433133),
(421, 43, 2014, 2014, 26, 24, 127, -716, -0.0716694),
(422, 43, 2015, 2015, 24, 22, 127, -749, -0.0807857),
(423, 43, 2016, 2016, 21, 22, 127, 522, 0.0611264),
(424, 43, 2018, 2018, 26, 27, 127, 426, 0.047226),
(425, 43, 2018, 2019, 24, 24, 127, 102, 0.0108095),
(426, 43, 2019, 2019, 25, 27, 127, 406, 0.0424209),
(427, 43, 2020, 2020, 23, 26, 127, 1653, 0.165584),
(428, 43, 2022, 2022, 31, 28, 127, -902, -0.0774699),
(429, 43, 2022, 2022, 27, 25, 127, -481, -0.0448159),
(430, 43, 2023, 2023, 33, 35, 127, 443, 0.0433133),
(431, 44, 2014, 2014, 26, 24, 127, -716, -0.0716694),
(432, 44, 2015, 2015, 24, 22, 127, -749, -0.0807857),
(433, 44, 2016, 2016, 21, 22, 127, 522, 0.0611264),
(434, 44, 2018, 2018, 26, 27, 127, 426, 0.047226),
(435, 44, 2018, 2019, 24, 24, 127, 102, 0.0108095),
(436, 44, 2019, 2019, 25, 27, 127, 406, 0.0424209),
(437, 44, 2020, 2020, 23, 26, 127, 1653, 0.165584),
(438, 44, 2022, 2022, 31, 28, 127, -902, -0.0774699),
(439, 44, 2022, 2022, 27, 25, 127, -481, -0.0448159),
(440, 44, 2023, 2023, 33, 35, 127, 443, 0.0433133);

-- --------------------------------------------------------

--
-- 資料表結構 `test_head`
--

CREATE TABLE `test_head` (
  `th_id` int(11) NOT NULL,
  `code_id` int(11) NOT NULL,
  `member_id` int(11) NOT NULL,
  `target_name` varchar(10) NOT NULL,
  `times` int(11) NOT NULL COMMENT '次數',
  `sucess_p` float NOT NULL COMMENT '勝率',
  `acc_profit` float NOT NULL COMMENT '累積獲利',
  `acc_profit_margin` float NOT NULL COMMENT '累積獲利率',
  `enter_time` date NOT NULL COMMENT '進場時間',
  `exit_time` date NOT NULL COMMENT '出場時間',
  `continue_time` int(11) NOT NULL COMMENT '持續持間(天)',
  `buy_and_hold_return` float NOT NULL COMMENT '買入並持有報酬[%]',
  `html` text NOT NULL COMMENT '檔案名稱'
) ENGINE=InnoDB DEFAULT CHARSET=utf8mb4 COLLATE=utf8mb4_general_ci;

--
-- 傾印資料表的資料 `test_head`
--

INSERT INTO `test_head` (`th_id`, `code_id`, `member_id`, `target_name`, `times`, `sucess_p`, `acc_profit`, `acc_profit_margin`, `enter_time`, `exit_time`, `continue_time`, `buy_and_hold_return`, `html`) VALUES
(1, 1, 0, '0056', 10, 60, 703.695, 7.03695, '2014-08-07', '2024-07-25', 3640, 56.3168, 'KDCross.html'),
(2, 1, 0, '0056', 10, 60, 703.695, 7.03695, '2014-08-07', '2024-07-25', 3640, 56.3168, 'KDCross.html'),
(3, 1, 0, '0056', 10, 60, 703.695, 7.03695, '2014-08-07', '2024-07-25', 3640, 56.3168, 'KDCross.html'),
(4, 1, 0, '0056', 10, 60, 703.695, 7.03695, '2014-08-07', '2024-07-25', 3640, 56.3168, 'KDCross.html'),
(5, 1, 0, '0056', 10, 60, 703.695, 7.03695, '2014-08-07', '2024-07-25', 3640, 56.3168, 'KDCross.html'),
(6, 1, 0, '0056', 10, 60, 703.695, 7.03695, '2014-08-07', '2024-07-25', 3640, 56.3168, 'KDCross.html'),
(7, 3, 0, '0056', 10, 60, 703.695, 7.03695, '2014-08-07', '2024-07-25', 3640, 56.3168, 'KDCross.html'),
(8, 3, 0, '0056', 10, 60, 703.695, 7.03695, '2014-08-07', '2024-07-25', 3640, 56.3168, 'KDCross.html'),
(9, 3, 0, '0056', 10, 60, 703.695, 7.03695, '2014-08-07', '2024-07-25', 3640, 56.3168, 'KDCross.html'),
(10, 3, 0, '0056', 10, 60, 703.695, 7.03695, '2014-08-07', '2024-07-25', 3640, 56.3168, 'KDCross.html'),
(11, 3, 0, '0056', 10, 60, 703.695, 7.03695, '2014-08-07', '2024-07-25', 3640, 56.3168, 'KDCross.html'),
(12, 3, 0, '0056', 10, 60, 703.695, 7.03695, '2014-08-07', '2024-07-25', 3640, 56.3168, 'KDCross.html'),
(13, 3, 0, '0056', 10, 60, 703.695, 7.03695, '2014-08-07', '2024-07-25', 3640, 56.3168, 'KDCross.html'),
(14, 3, 0, '0056', 10, 60, 703.695, 7.03695, '2014-08-07', '2024-07-25', 3640, 56.3168, 'KDCross.html'),
(15, 3, 0, '0056', 10, 60, 703.695, 7.03695, '2014-08-07', '2024-07-25', 3640, 56.3168, 'KDCross.html'),
(16, 3, 0, '0056', 10, 60, 703.695, 7.03695, '2014-08-07', '2024-07-25', 3640, 56.3168, 'KDCross.html'),
(17, 3, 0, '0056', 10, 60, 703.695, 7.03695, '2014-08-07', '2024-07-25', 3640, 56.3168, 'KDCross.html'),
(18, 3, 0, '0056', 10, 60, 703.695, 7.03695, '2014-08-07', '2024-07-25', 3640, 56.3168, 'KDCross.html'),
(19, 3, 0, '0056', 10, 60, 703.695, 7.03695, '2014-08-07', '2024-07-25', 3640, 56.3168, 'KDCross.html'),
(20, 3, 0, '0056', 10, 60, 703.695, 7.03695, '2014-08-07', '2024-07-25', 3640, 56.3168, 'KDCross.html'),
(21, 3, 0, '0056', 10, 60, 703.695, 7.03695, '2014-08-07', '2024-07-25', 3640, 56.3168, 'KDCross.html'),
(22, 3, 0, '0056', 10, 60, 703.695, 7.03695, '2014-08-07', '2024-07-25', 3640, 56.3168, 'KDCross.html'),
(23, 3, 0, '0056', 10, 60, 703.695, 7.03695, '2014-08-07', '2024-07-25', 3640, 56.3168, 'KDCross.html'),
(24, 3, 0, '0056', 10, 60, 703.695, 7.03695, '2014-08-07', '2024-07-25', 3640, 56.3168, 'KDCross.html'),
(25, 3, 0, '0056', 10, 60, 703.695, 7.03695, '2014-08-07', '2024-07-25', 3640, 56.3168, 'KDCross.html'),
(26, 3, 0, '0056', 10, 60, 703.695, 7.03695, '2014-08-07', '2024-07-25', 3640, 56.3168, 'KDCross.html'),
(27, 3, 0, '0056', 10, 60, 703.695, 7.03695, '2014-08-07', '2024-07-25', 3640, 56.3168, 'KDCross.html'),
(28, 3, 0, '0056', 10, 60, 703.695, 7.03695, '2014-08-07', '2024-07-25', 3640, 56.3168, 'KDCross.html'),
(29, 3, 0, '0056', 10, 60, 703.695, 7.03695, '2014-08-07', '2024-07-25', 3640, 56.3168, 'KDCross.html'),
(30, 3, 0, '0056', 10, 60, 703.695, 7.03695, '2014-08-07', '2024-07-25', 3640, 56.3168, 'KDCross.html'),
(31, 3, 0, '0056', 10, 60, 703.695, 7.03695, '2014-08-07', '2024-07-25', 3640, 56.3168, 'KDCross.html'),
(32, 3, 0, '0056', 10, 60, 703.695, 7.03695, '2014-08-07', '2024-07-25', 3640, 56.3168, 'KDCross.html'),
(33, 3, 0, '0056', 10, 60, 703.695, 7.03695, '2014-08-07', '2024-07-25', 3640, 56.3168, 'KDCross.html'),
(34, 3, 0, '0056', 10, 60, 703.695, 7.03695, '2014-08-07', '2024-07-25', 3640, 56.3168, 'KDCross.html'),
(35, 3, 0, '0056', 10, 60, 703.695, 7.03695, '2014-08-07', '2024-07-25', 3640, 56.3168, 'KDCross.html'),
(36, 3, 0, '0056', 10, 60, 703.695, 7.03695, '2014-08-07', '2024-07-25', 3640, 56.3168, 'KDCross.html'),
(37, 3, 0, '0056', 10, 60, 703.695, 7.03695, '2014-08-07', '2024-07-25', 3640, 56.3168, 'KDCross.html'),
(38, 3, 0, '0056', 10, 60, 703.695, 7.03695, '2014-08-07', '2024-07-25', 3640, 56.3168, 'KDCross.html'),
(39, 3, 0, '0056', 10, 60, 703.695, 7.03695, '2014-08-07', '2024-07-25', 3640, 56.3168, 'KDCross.html'),
(40, 3, 0, '0056', 10, 60, 703.695, 7.03695, '2014-08-07', '2024-07-25', 3640, 56.3168, 'KDCross.html'),
(41, 3, 0, '0056', 10, 60, 703.695, 7.03695, '2014-08-07', '2024-07-25', 3640, 56.3168, 'KDCross.html'),
(42, 3, 0, '0056', 10, 60, 703.695, 7.03695, '2014-08-07', '2024-07-25', 3640, 56.3168, 'KDCross.html'),
(43, 3, 0, '0056', 10, 60, 703.695, 7.03695, '2014-08-07', '2024-07-25', 3640, 56.3168, 'KDCross.html'),
(44, 3, 0, '0056', 10, 60, 703.695, 7.03695, '2014-08-07', '2024-07-25', 3640, 56.3168, 'KDCross.html');

--
-- 已傾印資料表的索引
--

--
-- 資料表索引 `code`
--
ALTER TABLE `code`
  ADD PRIMARY KEY (`code_id`),
  ADD KEY `member_id` (`member_id`);

--
-- 資料表索引 `members`
--
ALTER TABLE `members`
  ADD PRIMARY KEY (`m_id`);

--
-- 資料表索引 `target`
--
ALTER TABLE `target`
  ADD PRIMARY KEY (`t_id`),
  ADD KEY `fk_target_member` (`member_id`);

--
-- 資料表索引 `test_body`
--
ALTER TABLE `test_body`
  ADD PRIMARY KEY (`tb_id`),
  ADD KEY `fk_test_body_head` (`th_id`);
--
-- 資料表索引 `test_head`
--
ALTER TABLE `test_head`
  ADD PRIMARY KEY (`th_id`),
  ADD KEY `fk_test_head_code` (`code_id`),
  ADD KEY `fk_test_head_member` (`member_id`);

--
ALTER TABLE code ADD file_name TEXT NOT NULL AFTER `tempt_code`;
--
-- 使用資料表自動遞增(AUTO_INCREMENT) `code`
--
ALTER TABLE `code`
  MODIFY `code_id` int(11) NOT NULL AUTO_INCREMENT, AUTO_INCREMENT=32;

--
-- 使用資料表自動遞增(AUTO_INCREMENT) `members`
--
ALTER TABLE `members`
  MODIFY `m_id` int(11) NOT NULL AUTO_INCREMENT, AUTO_INCREMENT=6;

--
-- 使用資料表自動遞增(AUTO_INCREMENT) `target`
--
ALTER TABLE `target`
  MODIFY `t_id` int(11) NOT NULL AUTO_INCREMENT, AUTO_INCREMENT=4;

--
-- 使用資料表自動遞增(AUTO_INCREMENT) `test_body`
--
ALTER TABLE `test_body`
  MODIFY `tb_id` int(11) NOT NULL AUTO_INCREMENT, AUTO_INCREMENT=441;

--
-- 使用資料表自動遞增(AUTO_INCREMENT) `test_head`
--
ALTER TABLE `test_head`
  MODIFY `th_id` int(11) NOT NULL AUTO_INCREMENT, AUTO_INCREMENT=45;

--
-- 已傾印資料表的限制式
--

--
-- 資料表的限制式 `code`
--
ALTER TABLE `code`
  ADD CONSTRAINT `fk_code_member` FOREIGN KEY (`member_id`) REFERENCES `members` (`m_id`);

--
-- 資料表的限制式 `target`
--
ALTER TABLE `target`
  ADD CONSTRAINT `fk_target_member` FOREIGN KEY (`member_id`) REFERENCES `members` (`m_id`);
COMMIT;

/*!40101 SET CHARACTER_SET_CLIENT=@OLD_CHARACTER_SET_CLIENT */;
/*!40101 SET CHARACTER_SET_RESULTS=@OLD_CHARACTER_SET_RESULTS */;
/*!40101 SET COLLATION_CONNECTION=@OLD_COLLATION_CONNECTION */;
